date, pm25, pm10, o3, no2, so2, co
01/12/2024,100,14,7,1,8,4
02/12/2024,55,25,8,1,3,5
03/12/2024,65,48,7,1,4,4
04/12/2024,86,39,8,1,4,4
05/12/2024,62,45,7,1,6,2
06/12/2024,77,51,7,1,5,3
07/12/2024,91,43,7,1,5,3
08/12/2024,78,55,7,1,6,3
09/12/2024,111,70,7,1,6,4
10/12/2024,142,69,7,1,5,5
11/12/2024,143,48,8,1,4,5
12/12/2024,111,61,7,1,4,4
13/12/2024,134,78,7,1,7,4
14/12/2024,159,78,7,1,4,3
15/12/2024,152,87,7,1,5,4
16/12/2024,160,83,7,1,4,4
17/12/2024,147,69,8,1,5,5
18/12/2024,116,67,7,1,6,4
19/12/2024,107,57,7,1,3,4
20/12/2024,88,61,7,1,2,4
21/12/2024,99,64,7,1,2,3
22/12/2024,105,66,9,1,4,3
23/12/2024,117,73,7,1,3,4
24/12/2024,115,51,7,1,4,3
25/12/2024,94,31,7,1,5,4
26/12/2024,62,35,7,1,3,2
27/12/2024,73,53,7,1,3,3
28/12/2024,102,52,7, , ,2
29/12/2024,99, , , , , 
01/11/2024,147,71,14,3,5,4
02/11/2024,112,54,7,3,4,5
03/11/2024,79,58,11,3,3,4
04/11/2024,77,67,11,2,5,6
05/11/2024,98,91,11,2,5,6
06/11/2024,137,79,11,2,5,6
07/11/2024,124,63,10,1,5,6
08/11/2024,93,56,11,1,5,6
09/11/2024,84,66,11,1,4,5
10/11/2024,118,76,13,1,4,6
11/11/2024,141,81,8,2,3,3
12/11/2024,148,41,13,2,3,2
13/11/2024,60,36,8,1,5,4
14/11/2024,57,37,7,1,5,3
15/11/2024,61,43,7,1,5,4
16/11/2024,68,72,7,1,4,3
17/11/2024,127,97,7,1,4,3
18/11/2024,156,88,7,1,6,4
19/11/2024,158,81,7,1,4,3
20/11/2024,156,82,7,1,7,5
21/11/2024,146,82,13,1,4,4
22/11/2024,147,81,13,1,1,3
23/11/2024,147,71,10,1,4,2
24/11/2024,140,65,7,1,5,3
25/11/2024,132,71,7,1,5,4
26/11/2024,148,81,7,1,5,4
27/11/2024,160,81,7,1,5,4
28/11/2024,157,73,7,1,4,3
29/11/2024,141,54,7,1,3,3
30/11/2024,117,28,7,1,5,2
01/10/2024,94,32,8,3,3,9
02/10/2024,70,22,7,3,2,4
03/10/2024,58,33,7,3,4,2
04/10/2024,82,18,7,3,5,3
05/10/2024,61,35,7,3,4,3
06/10/2024,80,63,7,3,4,3
07/10/2024,130,42,7,3,4,3
08/10/2024,88,40,7,3,4,3
09/10/2024,76,34,7,2,2,2
10/10/2024,75,34,7,2,4,3
11/10/2024,85,21,7,2,3,2
12/10/2024,59,18,7,2,4,2
13/10/2024,45,24,7,2,5,3
14/10/2024,52,11,7,1,3,3
15/10/2024,44,17,7,1,2,3
16/10/2024,55,18,7,1,1,2
17/10/2024,47,23,7,1,4,3
18/10/2024,44,33,7,7,4,4
19/10/2024,58,30,7,5,2,3
20/10/2024,65,31,7,2,3,3
21/10/2024,64,24,7,2,4,4
22/10/2024,46,40,10,4,4,4
23/10/2024,72,44,10,5,5,6
24/10/2024,74,69,8,5,4,5
25/10/2024,106,91,10,5,4,6
26/10/2024,149,84,6,3,3,5
27/10/2024,136,81,8,1,5,5
28/10/2024,136,71,9,1,3,4
29/10/2024,115,84,8,1,2,3
30/10/2024,134,88,7,3,3,2
31/10/2024,138,91,7,7,5,5
01/07/2024,43,35,5,3,4,3
02/07/2024,53,33,5,3,6,3
03/07/2024,55,26,5,2,6,3
04/07/2024,53,17,5,3,5, 
05/07/2024,50,29,5,2,6,3
06/07/2024,44,31,5,2,5,1
07/07/2024,59,23,5,2,6,5
08/07/2024,59,26,5,2,4, 
09/07/2024,61, , , , , 
11/07/2024,78,23,11,3,5,2
12/07/2024,56,24,11,3,6,2
13/07/2024,56,21,11,3,5,1
14/07/2024,56,6,11,3,6,3
15/07/2024,35,6,11,2,4,4
16/07/2024,27,21,11,3,5,4
17/07/2024,52,10,11,2,6,4
18/07/2024,44,18,11,3,6,3
19/07/2024,58,33,11,2,7,6
20/07/2024,57,24,11,2,7,7
21/07/2024,57,22,11,2,5,5
22/07/2024,57,22,11,2,5,5
23/07/2024,51,23,11,3,4,4
24/07/2024,50,9,11,2,6,4
25/07/2024,38,20,11,2,5,5
26/07/2024,50,25,11,2,5,3
27/07/2024,48,27,11,2,5, 
28/07/2024,51,36,11,2,6,2
29/07/2024,59,17,11,2,5,3
30/07/2024,50,25,11,2,6,7
31/07/2024,57,24,11,2,7,5
01/08/2024,51,19,11,2,4,6
02/08/2024,49,24,7,2,7,5
03/08/2024,56,24,11,2,4,5
04/08/2024,54,26,11,4,6,13
05/08/2024,59,16,9,5,4,6
06/08/2024,47,33,8,4,7,3
07/08/2024,59,36,10,4,7,4
08/08/2024,63,42,13,4,6,7
09/08/2024,67,32,13,4,6,4
10/08/2024,58,39,13,5,6,4
11/08/2024,63,53,11,9,5,7
12/08/2024,78,53,10,8,3,5
13/08/2024,76,72,13,8,4,5
14/08/2024,99,44,11,7,5,4
15/08/2024,74,42,11,6,4,5
16/08/2024,67,35,11,6,5,4
17/08/2024,171,32,11,5,8,5
18/08/2024,57,33,10,6,4,2
19/08/2024,51,28,10,5,6,4
20/08/2024,46,17,9,5,4,4
21/08/2024,29,16,9,4,5,4
22/08/2024,28,25,8,4,6,2
23/08/2024,41,27,7,3,5,2
24/08/2024,43,32,11,3,5,3
25/08/2024,48,29,11,3,5,4
26/08/2024,46,22,11,4,5,3
27/08/2024,45,20,11,4,4,3
28/08/2024,46,16,7,4,4,3
29/08/2024,67,23,7,4,4,2
30/08/2024,57,21,7,4,5,3
31/08/2024,48,20,7,3,4,4
01/09/2024,41,24,7,4,3,4
02/09/2024,55,31,7,4,5,2
03/09/2024,60,38,7,3,6,5
04/09/2024,61,31,4,3,3,4
05/09/2024,54,32,4,3,4,4
06/09/2024,57,30,4,2,4,1
07/09/2024,55,24,4,2,4,2
08/09/2024,49,30,4,2,3,4
09/09/2024,56,27,4,2,3,2
10/09/2024,49,33,4,2,4,4
11/09/2024,57,33,4,2,5,3
12/09/2024,55,36,4,2,4,4
13/09/2024,54,41,4,2,4,3
14/09/2024,58,35,4, ,4,4
15/09/2024,58,30,4,1,4,4
16/09/2024,55,24,4,1,4,2
17/09/2024,50,43,4,1,5,2
18/09/2024,59,45,4,1,2,3
19/09/2024,67,44,4,7,4,5
20/09/2024,72,38,7,7,4,5
21/09/2024,71,22,7,4,4,8
22/09/2024,65,25,7,3,4,4
23/09/2024,58,16,7,3,4,8
24/09/2024,50,20,7,3,4,7
25/09/2024,48,20,7,3,4,4
26/09/2024,51,24,7,3,4,3
27/09/2024,58,39,7,3,4,6
28/09/2024,70,34,7,4,3,6
29/09/2024,87,46,7,4,4,6
30/09/2024,90,50,7,4,4,6
01/04/2024,90, , , , , 
03/04/2024,107,53,11,3,6,4
04/04/2024,112, ,9, ,8, 
08/04/2024,142,70,8,1,8,2
09/04/2024,115,68,15,4,8, 
10/04/2024,123,80,14,1,6,1
11/04/2024,99, , , , , 
13/04/2024,106,76,11,1,7,1
14/04/2024,107,58,11,1,19, 
15/04/2024,86,66,11,2,9, 
16/04/2024,89,74,11,2,6, 
17/04/2024,125,80,11, ,6, 
18/04/2024,129,74,11,1,11, 
19/04/2024,122,58,11,1,9, 
20/04/2024,112,67,9,2,7, 
21/04/2024,115,63,9,1,9, 
22/04/2024,100,74,8,1,5,1
23/04/2024,109,79,8,1,12, 
24/04/2024,108,93,9, ,5, 
25/04/2024,136, , , , , 
27/04/2024,136,87,15,1,7,1
28/04/2024,118,60,13,3,4, 
29/04/2024,95,67,13,1,9,1
30/04/2024,92,116,13,2,17, 
01/05/2024,134,72,12,1,5,1
02/05/2024,122,63,13,2,5,1
03/05/2024,116,53,13, ,6, 
04/05/2024,87,79,13, ,9, 
05/05/2024,114,63,13,3,6,11
06/05/2024,115,44,7,3,11,3
07/05/2024,73,39,8,4,5,3
08/05/2024,77,57,8,5,5,3
09/05/2024,102,56,8,5,9,3
10/05/2024,99,56,8,5,6,3
11/05/2024,97,67,11,10,10,4
12/05/2024,109,59,11,9,20,3
13/05/2024,86,51,11,7,7,3
14/05/2024,87,51,11,8,9,4
15/05/2024,82,70,11,7,8,3
16/05/2024,112,43,11,7,6,3
17/05/2024,70,36,11,7,6,3
18/05/2024,67,30,11,7,7,3
19/05/2024,69,39,8,7,4,3
20/05/2024,71,18,11,7,5,3
21/05/2024,45,52,12,7,8,3
22/05/2024,77,46,11,5,6,3
23/05/2024,72,45,8,5,15,3
24/05/2024,85,37,7,4,8,3
25/05/2024,72,41,7,4,9,3
26/05/2024,68,55,7,4,7,3
27/05/2024,95,56,11,4,6,3
28/05/2024,90,54,11,4,6,3
29/05/2024,81,46,11,4,10,3
30/05/2024,71,56,11,4,5,3
31/05/2024,87,44,12,5,5,3
01/06/2024,77,18,9,5,14,3
02/06/2024,68, ,10, ,17,3
04/06/2024,54,26,11,3,8,3
05/06/2024,60,19,7,3,11,3
06/06/2024,99,10,7,3,7,3
07/06/2024,42,17,7,3,6,3
08/06/2024,31,4,7,3,8,3
09/06/2024,30,16,7,3,10,3
10/06/2024,45,18,7,3,4,3
11/06/2024,42,17,7,2,8,3
12/06/2024,44,17,7,3,7,3
13/06/2024,45,30,7,3,4,2
14/06/2024,296,33,7,3,8,2
15/06/2024,64,30,7,2,8,2
16/06/2024,66,30,7,3,6,2
17/06/2024,43,18,7,3,7,2
18/06/2024,46,28,7,3,13,3
19/06/2024,45,33,7,4,11,3
20/06/2024,55,34,7,2,7,3
21/06/2024,66,27,6,2,11,3
22/06/2024,54,22,6,2,6,3
23/06/2024,45,21,6,2,8,3
24/06/2024,42,28,5,2,7,3
25/06/2024,53,21,6,2,6,3
26/06/2024,44,12,5,2,6,3
27/06/2024,34,28,5,4,17,3
28/06/2024,50,27,5,3,7,3
29/06/2024,51,37,5,3,6,3
30/06/2024,56,21,5,3,6,3
01/01/2024,150,75, ,3,5,2
02/01/2024,154,84, ,3,7,3
03/01/2024,158,88,7,4,5,3
04/01/2024,159,72,7,3,8,3
05/01/2024,135,70,7,3,9,4
06/01/2024,114,69,7,3,9,3
07/01/2024,102,51,7,4,6,6
08/01/2024,72,57,7,3,5,2
09/01/2024,111,80,7,4,7,3
10/01/2024,135,91,7,4,6,3
11/01/2024,139,93,7,3,7,2
12/01/2024,146,90,7,3,7,2
13/01/2024,161,112,7,4,6,1
14/01/2024,173,91,7,3,8,3
15/01/2024,160,89,7,4,7,3
16/01/2024,164,87,7,3,8,2
17/01/2024,161,94,7,3,8,3
18/01/2024,154,61,7,4,7,2
19/01/2024,125,89,7,3,9,4
20/01/2024,152,96,7,3,8,2
21/01/2024,146,73,7,3,11,4
22/01/2024,130,64,7,3,9,1
23/01/2024,133,73,7,3,7,1
24/01/2024,142,103,7,3,9,3
25/01/2024,156, , , , , 
27/01/2024,100,73,7,3,6, 
28/01/2024,108,70,7,3,5,3
29/01/2024,134,72,7,3,8,2
30/01/2024,141,137,7,6,13,10
31/01/2024,200,58,7,5,6,3
01/02/2024,89,67,7,4,5,1
02/02/2024,106,89,7,3,13,2
03/02/2024,141,73,7,3,8,4
04/02/2024,117,68,7,3,6,9
05/02/2024,109,74,7,3,8,4
06/02/2024,117,82,7,5,9,3
07/02/2024,136,85,7,5,8,4
08/02/2024,137,69,7,5,9,3
09/02/2024,147,72,7,6,8,3
10/02/2024,184,72,7,5,5,3
11/02/2024,115,75,7,3,5,2
12/02/2024,171,59,7,3,6,4
13/02/2024,110,66,7,3,7,3
14/02/2024,116,69,7,3,8,3
15/02/2024,119,69,7,3,9,2
16/02/2024,117,79,11,3,7,2
17/02/2024,121,105,11,4,10,5
18/02/2024,124,76,11,3,5,3
19/02/2024,102,74,11,3,9,3
20/02/2024,115,81,11,4,7,4
21/02/2024,146,84,11,4,7,5
22/02/2024,141,67,11,4,4,4
23/02/2024,116,99,11,4,5,3
24/02/2024,130,83,11,3,7,3
25/02/2024,132,66,11,3,9, 
26/02/2024,98,61,12,3,6,3
27/02/2024,102,59,12,4,7,2
28/02/2024,75,75,11,3,9,3
29/02/2024,99,93,12,3,7,1
01/03/2024,112,88,23,16,5,3
02/03/2024,121,107,22,6,11,4
03/03/2024,167,85,14,5,7,6
04/03/2024,146,79,11,4,6,5
05/03/2024,134,77,11,4,9,6
06/03/2024,140,74,11,4,8,2
07/03/2024,135,77,11,4,10,4
08/03/2024,141,78,11,3,7,3
09/03/2024,129,79,12,4,10,3
10/03/2024,157,79,11,3,12,4
11/03/2024,153,84,11,3,8,5
12/03/2024,147,105,11,6,7,8
13/03/2024,157,67,11,4,6,4
14/03/2024,126, , , , , 
16/03/2024,137,93,7,3,8,4
17/03/2024,137,78,7,3,9,4
18/03/2024,149,81,7,3,10,6
19/03/2024,142,84,7,3,9,3
20/03/2024,152,66,7,3,7,8
21/03/2024,117,68,7,3,8,12
22/03/2024,115,71,7,3,8,11
23/03/2024,118,75,7,2,7,5
24/03/2024,121,60,11,2,5,3
25/03/2024,111,90,11,4,7,2
26/03/2024,120,71,11,3,8,4
27/03/2024,107,72,11,3,5,8
28/03/2024,125,67,11,3,8,2
29/03/2024,132,93,7,4,8,4
30/03/2024,130,73,8,3,10,1
31/03/2024,115,52,7,2,8,3
01/10/2023,42,52,15,44,4,3
02/10/2023,91,76,14,6,4,5
03/10/2023,124,77,14,4,4,7
04/10/2023,119,84,15, ,4,5
05/10/2023,122,91,15,5,4,6
06/10/2023,123,106,17,4,4,7
07/10/2023,151,77,18, ,4,3
08/10/2023,131,54,19,3,4,4
09/10/2023,122,58,22, ,3,3
10/10/2023,125,51,23, ,4,8
11/10/2023,122,86,14, ,3,7
12/10/2023,151,108,13,2,3,6
13/10/2023,145,105,19,1,4,5
14/10/2023,149,59,24, ,3,4
15/10/2023,132,60, , , , 
16/10/2023,129,131,16,17,4,8
17/10/2023,156,118,15, ,4,6
18/10/2023,150,127,17, ,3,8
19/10/2023,160,123,17,7,3,7
20/10/2023,164,109,16,6,3,7
21/10/2023,152,66,17,4,4,5
22/10/2023,99,63,17, ,4,6
23/10/2023,107,60,18, ,3,5
24/10/2023,89,72,16, ,4,6
25/10/2023,94,83,16,7,4,7
26/10/2023,105,51,17,14,4,7
27/10/2023,95,35,5,9,5,7
28/10/2023,67,36,4,3,6,3
29/10/2023,64,33,5,3,5,4
30/10/2023,67,74,4,3,8,7
31/10/2023,149,68,4,3,6,6
01/11/2023,140,62,7,3,5,7
02/11/2023,102,39,8,3,5,4
03/11/2023,64,40,9,3,7,5
04/11/2023,70,34,6,3,5,4
05/11/2023,58,48,5,3,6,6
06/11/2023,92,31,7,3,6,8
07/11/2023,74,39,7,4,4,7
08/11/2023,62,58,7,7,4,9
09/11/2023,102,75,5,6,6,5
10/11/2023,133,78, ,6,5, 
11/11/2023,157, , , , , 
19/11/2023,96,55,14,4,7,4
20/11/2023,112, , , , , 
22/11/2023,75,27,15,6,5,3
23/11/2023,60,61,20,8,7, 
24/11/2023,128,62,15,7,4,11
25/11/2023,119,61,15,4,4,3
26/11/2023,119,53,16,5,4,5
27/11/2023,63,51,15,5,4,6
28/11/2023,94,46,14,5,6,5
29/11/2023,67,22,19,5,4,1
30/11/2023,41, , , , , 
02/12/2023,126,37,14,2,2,4
03/12/2023,69,51,14,1,7,8
04/12/2023,90,42,14,1,6,3
05/12/2023,87, , , , , 
07/12/2023,139,72,8,1,7,4
08/12/2023,138,67,7,1,7,3
09/12/2023,119,68,9,1,5,2
10/12/2023,130,61,10,1,6,3
11/12/2023,118,76,8,1,7,2
12/12/2023,150, , , , , 
14/12/2023,150,71,10,2,4,1
15/12/2023,155,59,10,2,7,5
16/12/2023,94,64,9,2,7,4
17/12/2023,110,58,9,3,7,3
18/12/2023,129,85,13,4,7,5
19/12/2023,164,94,14,3,6,3
20/12/2023,171,82,10,4,10,9
21/12/2023,134,87,12,3,5,5
22/12/2023,158,178,12,4,6,3
23/12/2023,164,89,11,3,5,2
24/12/2023,152,63,5,3,7,3
25/12/2023,117,70,3,3,5,2
26/12/2023,122,63, ,3,7,1
27/12/2023,117,69, ,3,5,2
28/12/2023,132,64, ,3,4,2
29/12/2023,122,50, ,3,5,2
30/12/2023,93,86, ,3,5,2
31/12/2023,138,73, ,3,7,2
01/07/2023,59,38,7,1,1,1
02/07/2023,60,24,7,1,1,1
03/07/2023,50,17,7,1,1, 
04/07/2023,46,22,6,2,1,1
05/07/2023,49,20,6,1,1,1
06/07/2023,50,21,7, ,1, 
07/07/2023,54,19,6, ,1,1
08/07/2023,48,27,7, ,1,1
09/07/2023,53,28,7,3,3,3
10/07/2023,55,34,6,2,2,3
11/07/2023,61,37,6,2,2,2
12/07/2023,63,25,6,2,1,2
13/07/2023,52,25,6,2,3,2
14/07/2023,56,31,6,3,3,3
15/07/2023,55,34,6,2,2,1
16/07/2023,57,44,6,2,1,1
17/07/2023,65,41,7,1,1,2
18/07/2023,56,42,6,1,2,1
19/07/2023,57,56,6,1,1,2
20/07/2023,66,50,6,1,2,1
21/07/2023,60,32,6,1, ,2
22/07/2023,52,14,5,2,1,1
23/07/2023,34, , , , , 
31/07/2023,38,46,9,4, ,27
01/08/2023,68,47,8,4,6,19
02/08/2023,66,41,8,3,3,18
03/08/2023,65,38,8,10,3,3
04/08/2023,58,39,8,9,4,7
05/08/2023,58,35,9,8,4,6
06/08/2023,56,42,8, , ,4
07/08/2023,59,40,5,2,2,3
08/08/2023,60,54,7,4,2,6
09/08/2023,66,63,7,5,4,4
10/08/2023,73,85,8,6,1,10
11/08/2023,87,61,8,4,1,2
12/08/2023,82,55,7,4,1,4
13/08/2023,68,42,7,4,1,5
14/08/2023,66,56,6,4,1,14
15/08/2023,85,61,6,4,1,17
16/08/2023,86,51,6,4,1,11
17/08/2023,66,42,8,4,1,8
18/08/2023,62,29,6,4,1,12
19/08/2023,53,44,6,4,1,15
20/08/2023,57,77,6,5,1,14
21/08/2023,80,79,11, ,1,12
22/08/2023,98,52,7,3,2,9
23/08/2023,68,58,7,9,4,4
24/08/2023,81,50,7,7,4,4
25/08/2023,83,47,7,8,4,6
26/08/2023,80,40,8,7,4,1
27/08/2023,67,45,8,5,4,2
28/08/2023,75,54,5,9,4,2
29/08/2023,90,58,6,12,3,3
30/08/2023,88,61,44,13,4,3
31/08/2023,97,38,13,10,4,5
01/09/2023,100,32,10,10,4,1
02/09/2023,55,42,9,10,4, 
03/09/2023,72,61,6,9,4, 
04/09/2023,99,34,8, ,4,2
05/09/2023,59,10,8, ,3,1
06/09/2023,20,34,6, ,4,7
07/09/2023,362,22,6, ,4,2
08/09/2023,43,27,7, ,4,2
09/09/2023,50,33,8,2,4, 
10/09/2023,58,25,8,1,4,4
11/09/2023,46,31,8,1,4,6
12/09/2023,57,26,8,1,4,2
13/09/2023,50,23,8,1,4,1
14/09/2023,46,18,8,1,4,1
15/09/2023,37,17,9,1,4,1
16/09/2023,34,15,7,1,4,3
17/09/2023,31,22,14,2,4,4
18/09/2023,44,30,11,1,4,3
19/09/2023,53,27,9,2,4,6
20/09/2023,51,35,11,2,4,5
21/09/2023,62,29,31,2,4,1
22/09/2023,51, , , , , 
26/09/2023,50,43,10,2,4,3
27/09/2023,71,22,10,1,4,1
28/09/2023,44,21,10,1,4,1
29/09/2023,42,19,9,1,4,1
30/09/2023,40,23,10, ,4,1
03/04/2023,119,39,8,4,1,1
04/04/2023,76,66,11,4,1,3
05/04/2023,112,60,13,4,1,2
06/04/2023,97,66,14,4,1,2
07/04/2023,121,64,13,4,1,2
08/04/2023,99,62,8,4,1,2
09/04/2023,94,60,12,4,1,2
10/04/2023,82,63,14,5,1,2
11/04/2023,90,75,9,5,1,2
12/04/2023,106,85,8,4,1,2
13/04/2023,123,97,9,4,1,2
14/04/2023,143,100,8,4,1,2
15/04/2023,132,112,13,4,1,2
16/04/2023,151,98,16,4,1,2
17/04/2023,141,104,13,4, ,2
18/04/2023,142,88,13,5, ,2
19/04/2023,135,73,12,4, ,2
20/04/2023,127,79,8,4,1,2
21/04/2023,117,77,12,4,1,2
22/04/2023,118,74,13,4,1,1
23/04/2023,108,75,14,4,1,2
24/04/2023,98,46,14,4,1,2
25/04/2023,89,49,14,4,1,2
26/04/2023,83,89,14,4,1,1
27/04/2023,123,80,14,4,1,1
28/04/2023,102,71,14,4,1,2
29/04/2023,116,57,14,4,1,1
30/04/2023,80,35,14,4,1,1
01/05/2023,52,43,13,4,1,2
02/05/2023,57,48,10,4,1,4
03/05/2023,56,41,10,4, ,3
04/05/2023,66,37,10,4,1,1
05/05/2023,58,41,10,4,1,2
06/05/2023,69,36,10,4,1,2
07/05/2023,57,41,9,4,1,4
08/05/2023,76,43,10,4, ,2
09/05/2023,59,53,9,4,2,4
10/05/2023,79,54,9,4,1,1
11/05/2023,101,40,10,4,1,1
12/05/2023,81,45,9,4,1,1
13/05/2023,80,48,10,4,1,1
14/05/2023,80,58,10,4,1,3
15/05/2023,96,59,10,4, ,1
16/05/2023,92,71,9,4, ,2
17/05/2023,127, , , , , 
23/05/2023,102,30,10,4,1, 
24/05/2023,64,38,10,4,1, 
25/05/2023,64,38,10,4,1,1
26/05/2023,61,50,11,4,1,1
27/05/2023,71,50,10,5,1, 
28/05/2023,72,97,10,5,1,14
29/05/2023,132,52,10,4,1,2
30/05/2023,85,42,10,4,1,2
31/05/2023,62,38,10,4,1,1
01/06/2023,64,54,10,4,1,2
02/06/2023,82,68,10,4,1,2
03/06/2023,99,59,10,4,1,1
04/06/2023,80,52,10,4,1,1
05/06/2023,76,50,10,4,1,3
06/06/2023,74,42,11,4,1,1
07/06/2023,61,25,10,4,1,1
08/06/2023,25,25,10,4,1, 
09/06/2023,27,24,10,5,1, 
10/06/2023,22,32,10,4,1, 
11/06/2023,28,31,10,4,1,1
12/06/2023,35,31,10,4,1, 
13/06/2023,42,38,10,4,1, 
14/06/2023,45,47,10,4,1,1
15/06/2023,54,46,9,4,1,1
16/06/2023,56,48,12,4,1, 
17/06/2023,54,50,11,4,1, 
18/06/2023,56,44,10,4,1,1
19/06/2023,60, ,10, ,1,1
23/06/2023,434,31,7, ,1, 
24/06/2023,69,32,7,1,1, 
25/06/2023,56,39,7,2,1,1
26/06/2023,63,28,7,2,1, 
27/06/2023,54,20,7,2,1,1
28/06/2023,36,22,8,1,1, 
29/06/2023,48,34,6,1,1, 
30/06/2023,54,38,6,1,1, 
02/01/2023,120,64,7,11,2,3
03/01/2023,116,69,8,17,2,3
04/01/2023,131,66,8, ,2,3
05/01/2023,120,75,8,3,3,3
06/01/2023,137,76,8,3,2,4
07/01/2023,148,82,8,3,2,4
08/01/2023,160,76,8,5,2,5
09/01/2023,130,73,7,8,2,4
10/01/2023,136,69,7,8,1,4
11/01/2023,116,73,7,6,1,4
12/01/2023,124,73,7,6,1,4
13/01/2023,125,74,7,6,1,4
14/01/2023,123,67,7,6,1,2
15/01/2023,123,70,7,6,1,4
16/01/2023,116,66,7,6,1,3
17/01/2023,131,61,7,6,1,3
18/01/2023,111,68,7,6,1,3
19/01/2023,125,69,7,6,1,3
20/01/2023,133,68,10,7,1,3
21/01/2023,136,70,10,7,1,2
22/01/2023,128,66,10,7,1,3
23/01/2023,123,59,10,7,1,3
24/01/2023,97,63,7,7,1,3
25/01/2023,107,78,7,8,1,2
26/01/2023,141,76,7,7,1,3
27/01/2023,144,66,12,8,1,2
28/01/2023,107,74,12,8, ,2
29/01/2023,127,66,9,7, ,4
30/01/2023,121,63,8,7,1,4
31/01/2023,106,76,12,8,1,4
01/02/2023,141,81,11,8,1,6
02/02/2023,140,72,11,8,1,4
03/02/2023,128,70,11,8, ,4
04/02/2023,120,81,11,8, ,2
05/02/2023,130,76,8,8,1,4
06/02/2023,127,83,8,9,1,4
07/02/2023,142,84,8,9,1,4
08/02/2023,155,81,11,9,1,4
09/02/2023,149,80,8,9,1,4
10/02/2023,134,80,9,9,1,3
11/02/2023,134,78,8,8,1,2
12/02/2023,128,83,8,9,1,3
13/02/2023,141,78,8,9,1,4
14/02/2023,131,79,14,9,1,3
15/02/2023,132,80,12,9,1,2
16/02/2023,137,77,15,9,1,3
17/02/2023,254, ,15,9,1,3
20/02/2023,125,74,13,9,1,4
21/02/2023,126,77,9,9,1,3
22/02/2023,136,79,11,9,1,3
23/02/2023,131,64,14,8,1,3
24/02/2023,95,71,13,9,1,2
25/02/2023,112,82,14,10,1,2
26/02/2023,147,65,14,10,1,2
27/02/2023,113,72,11,10,1,2
28/02/2023,128,69,13,11,1,3
01/03/2023,132,73,11,12,1,2
02/03/2023,117,83,11,14,1,2
03/03/2023,129,78,13,15,1,2
04/03/2023,123,81,17,16,1,2
05/03/2023,129,71,17,15,1,2
06/03/2023,113,69,17,16,1,2
07/03/2023,113,69,8,15,1,2
08/03/2023,120,69,15,16,1,3
09/03/2023,132,71,13,17,1,3
10/03/2023,116,79,13,18,1,3
11/03/2023,130,67,12,18,1,2
12/03/2023,111,80,14,15,1,3
13/03/2023,136,80,13,16,1,3
14/03/2023,131,86,13,16,1,2
15/03/2023,146,73,13,14,1,2
16/03/2023,145,61,14,15,1,3
17/03/2023,114,49,14,15,1,2
18/03/2023,88,46,14,13,1,1
19/03/2023,93,45,14, ,1,1
20/03/2023,84,63,14, ,1,3
21/03/2023,86,74,14, , ,2
22/03/2023,124,63,12,2,1,4
23/03/2023,102,56,17,3, ,1
24/03/2023,89,62,15,3, ,1
25/03/2023,90,63,15,3,1,1
26/03/2023,98,41,8,3,1, 
27/03/2023,81, , , , , 
29/03/2023,100,55,8,3,1,3
30/03/2023,91,45,9,4,1,1
31/03/2023,84, , , , , 
01/10/2022,60,42,10,8,2,2
02/10/2022,86,57,8,10,2,7
03/10/2022,114,56,7,9,2,2
04/10/2022,112,53,8,8,2,2
05/10/2022,103,40,7,5,2,1
06/10/2022,82,39,7,7,2,2
07/10/2022,75,46,7,9,2,4
08/10/2022,78,51,8,12,2,3
09/10/2022,89,28,7,10,3,3
10/10/2022,62,39,8,9,2,3
11/10/2022,65,36,8,7,2,3
12/10/2022,59,39,8,10,3,3
13/10/2022,61,36,7,8,2,3
14/10/2022,89,25,7,10,1,3
15/10/2022,43,24,8,8,2,2
16/10/2022,57, , , , , 
24/10/2022,123,92,7,15,3,6
25/10/2022,153,135,8,18,3,13
26/10/2022,211,68,11,14,3,9
27/10/2022,111,65,10,12,3,11
28/10/2022,111,55,11,8,3,7
29/10/2022,102,51,12,9,3,4
30/10/2022,108,79,12,9,3,6
31/10/2022,144,60,9,9,3,4
01/11/2022,106,32,9,11,3,6
02/11/2022,44,40,9,11,4,7
03/11/2022,56,37,9,9,3,4
04/11/2022,51,45,11,8,3,3
05/11/2022,58,71,11,8,3,6
06/11/2022,120,78,7,9,2,5
07/11/2022,136,72,11,9,2,5
08/11/2022,119,76,11,10,2,6
09/11/2022,138,70,11,10,2,5
10/11/2022,121,73,12,10,2,5
11/11/2022,143,37,11,11,3,7
12/11/2022,84,19,7,10,2,3
13/11/2022,33,36,7,9,2,4
14/11/2022,52,62,7,10,2,5
15/11/2022,102,75,8,9,2,6
16/11/2022,146,83,11,9,2,5
17/11/2022,153,75,11,10,2,5
18/11/2022,138,75,11,10,2,5
19/11/2022,146,78,11,10,2,5
20/11/2022,149,78,11,9,2,4
21/11/2022,151,50,11,13,2,6
22/11/2022,87,38,11,13,2,5
23/11/2022,71,29,9,12,2,4
24/11/2022,71,59,9,10,2,4
25/11/2022,108,61,9,9,2,4
26/11/2022,94,62,9,9,2,3
27/11/2022,117,78,9,9,2,5
28/11/2022,155,89,9,9,2,5
29/11/2022,164,83,9,11,2,4
30/11/2022,156,76,9,12,2,5
01/12/2022,143,64,9,13,2,5
02/12/2022,100,48,9,12,2,4
03/12/2022,64,46,9,11,2,3
04/12/2022,67,70,9,11,2,4
05/12/2022,140,82,9,10,2,5
06/12/2022,161,84,9,12,2,5
07/12/2022,152,80,9,11,2,4
08/12/2022,156,71,9,10,2,4
09/12/2022,150,23,9,9,2,2
10/12/2022,60,17,9,10,2,3
11/12/2022,45,27,9,11,2,4
12/12/2022,65,38,9,11,2,4
13/12/2022,68,35,11,11,2,4
14/12/2022,56,51,13,12,2,3
15/12/2022,77,61,10,12,2,4
16/12/2022,95,77,9,12,2,4
17/12/2022,123,78,12,11,2,4
18/12/2022,158,75,12,11,2,4
19/12/2022,153,66,12,10,2,4
20/12/2022,124,61,13,10,2,4
21/12/2022,107,66,12,11,2,5
22/12/2022,110,71,12,11,2,5
23/12/2022,137,70,13,11,2,4
24/12/2022,138,48,13,11,2,4
25/12/2022,96,27,4,11,2,3
26/12/2022,38,33,6,11,2,3
27/12/2022,59,40,5,10,2,3
28/12/2022,63,48,6,9,2,3
29/12/2022,74,54,7,10,2,3
30/12/2022,88,64,7,8,2,4
31/12/2022,96,61,7,9,2,3
01/01/2023,120,65,7,9,2,3
01/07/2022,65,46,12,7,2,4
02/07/2022,76,41,11,5,2,2
03/07/2022,70,28,11,5,2,2
04/07/2022,53,28,11,4,2,2
05/07/2022,61,32,10,6,2,2
06/07/2022,67,31,10,6,2,2
07/07/2022,64,34,10,6,2,2
08/07/2022,67,32,10,6,2,3
09/07/2022,66,25,11,6,2,2
10/07/2022,58,28,10,6,2,2
11/07/2022,58,38,11,3,2,2
12/07/2022,64,30,10,5,3,2
13/07/2022,59,26,10,5,3,2
14/07/2022,59,32,11,4,2,2
15/07/2022,63,29,11,6,2,2
16/07/2022,53,23,12,7,3,1
17/07/2022,55,30,11,9,3,1
18/07/2022,63,40,16,8,2,2
19/07/2022,55,48,17,9,1,3
20/07/2022,44,26,11,10,2,2
21/07/2022,33,50,12,10,2,4
22/07/2022,53,38,12,9,2,3
23/07/2022,42,37,12,8,2,2
24/07/2022,39,40,13,10,3,4
25/07/2022,33,43,14,12,2,6
26/07/2022,46,44,17,14,2,7
27/07/2022,61,48,17,9,2,8
28/07/2022,70,59,20,14,2,4
29/07/2022,110,35,18,8,2,4
30/07/2022,52,18,15,9,2,3
31/07/2022,31,38,10,9,2,8
01/08/2022,61,21,13,11,2,6
02/08/2022,46,24,12,13,2,9
03/08/2022,58,21,9,13,2,6
04/08/2022,51,9,12,4,2,1
05/08/2022,20,19,13,4,2,3
06/08/2022,38,16,13,4,2,2
07/08/2022,31,28,14,5,2,2
08/08/2022,50,25,13,4,3,2
09/08/2022,41,33,15,4,3,2
10/08/2022,53,32,17,5,3,2
11/08/2022,46,30,18,5,2,2
12/08/2022,45,30,18,6,2,2
13/08/2022,44,25,18,6,2,2
14/08/2022,42, , , , , 
16/08/2022,82,44,21,13,2,3
17/08/2022,66,30,15,13,2,1
18/08/2022,59, , , , , 
20/08/2022,71,26,11,10,2,2
21/08/2022,47,26,11,9,2,2
22/08/2022,42,24,12,8,2,2
23/08/2022,43,22,11,9,2,2
24/08/2022,45,28,15,12,2,3
25/08/2022,48,30,9,14,2,11
26/08/2022,68,28,11,12,2,3
27/08/2022,55, , , , , 
30/08/2022,106,43,14,14,2,6
31/08/2022,91,34,12,13,2,7
01/09/2022,72,43,12,15,2,7
02/09/2022,76,45,14,11,2,5
03/09/2022,83,33,15,11,2,5
04/09/2022,66,31,19,10,3,5
05/09/2022,61, , , , , 
11/09/2022,72,33,8,13,2,1
12/09/2022,57,30,7,15,2,2
13/09/2022,56,26,7,18,2,1
14/09/2022,45,29,7,18,2,3
15/09/2022,49,31,7,15,2,3
16/09/2022,53,33,7,20,2,2
17/09/2022,56,33,7,21,3,2
18/09/2022,53,36,7,19,2,2
19/09/2022,59,40,7,20,2,1
20/09/2022,60,50,7,16,2,6
21/09/2022,73,45,7,18,2,2
22/09/2022,75,42,7,17,2,2
23/09/2022,65,30,7,13,2,3
24/09/2022,55,34,7,15,2,7
25/09/2022,62,43,7,18,2,5
26/09/2022,79,40,7,12,2,3
27/09/2022,67,42,7,9,2, 
28/09/2022,71,38,7,9,2,2
29/09/2022,61,33,7,8,2,1
30/09/2022,57,29,7,5,3,2
01/04/2022,124,94,19,18,3,12
02/04/2022,158,62,18,15,2,4
03/04/2022,119,74,17,22,2,5
04/04/2022,147,77,17,17,2,6
05/04/2022,119,85,16,16,2,6
06/04/2022,137,78,17,15,2,7
07/04/2022,133,74,13,18,2,8
08/04/2022,102,64,18,18,2,6
09/04/2022,96,53,19,18,2,5
10/04/2022,76,62,11,18,2,7
11/04/2022,76,56,5,11,3,8
12/04/2022,65,34,6,16,2,9
13/04/2022,54,33,17,12,2,3
14/04/2022,54, , , , , 
22/04/2022,126,52,9,11,2,2
23/04/2022,108,63,16,5,2,8
24/04/2022,96,68,20,5,2,5
25/04/2022,128,71,21,5,2,8
26/04/2022,129,71,17,5,2,5
27/04/2022,130,77,17,4,3,13
28/04/2022,134,75,25,5,3,12
29/04/2022,133,59,24,1,2,6
30/04/2022,123,42,14,6,2,2
01/05/2022,91,54,7,2,2,2
02/05/2022,86,55,16,16,4,10
03/05/2022,89,41,30,12,3,5
04/05/2022,82,37,17,13,2,6
05/05/2022,74,47,28,12,3,12
06/05/2022,88,54,12,7,1,4
07/05/2022,99,54,12,3,2,2
08/05/2022,96,49,26,2,2,5
09/05/2022,95,51,25,5,1,5
10/05/2022,88,46,12,3,1,2
11/05/2022,75,30,16,4,2,3
12/05/2022,55,36,9,5,2,2
13/05/2022,54,49,13,7,2,6
14/05/2022,100, , , , , 
31/05/2022,57,41,13,6,2,6
01/06/2022,56,44,13,5,2,2
02/06/2022,67,50,13,5,2,4
03/06/2022,69,44,15,6,2,4
04/06/2022,79,32,11,3,2,1
05/06/2022,69,41,13,3,2,6
06/06/2022,65,29,13,5,2,5
07/06/2022,54,29,13,4,2,5
08/06/2022,37,26,13,4,2,3
09/06/2022,27,26,13,5,3,4
10/06/2022,32,29,13,4,2,2
11/06/2022,32,25,13,4,2,1
12/06/2022,25,26,13,6,2,2
13/06/2022,32,25,14,5,2,3
14/06/2022,35,25,12,10,2,3
15/06/2022,39,37,12,10,3,8
16/06/2022,48,29,13,8,2,5
17/06/2022,58,21,12,11,2,4
18/06/2022,34,15,12,10,2,2
19/06/2022,25,33,12,9,2,2
20/06/2022,66,25,12,6,3,5
21/06/2022,58,31,11,6,3,4
22/06/2022,60,32,11,7,2,2
23/06/2022,64,28,12,4,2,1
24/06/2022,56,36,11,5,2,3
25/06/2022,63,46,12,5,2,1
26/06/2022,72,44,12,6,2,1
27/06/2022,70,44,12,7,2,2
28/06/2022,70,31,12,7,2,2
29/06/2022,56,27,11,6,2,2
30/06/2022,58,36,12,7,2,1
03/01/2022,77,63,19,10,2,3
04/01/2022,95,69,28,9,2,4
05/01/2022,140,61,20,10,2,2
06/01/2022,118,58,17,10,2,4
07/01/2022,108,51,24,10,2,1
08/01/2022,102,50,25,8,2,1
09/01/2022,96,55,21,9,2,2
10/01/2022,102,48,15,10,2,2
11/01/2022,77,56,21,6,2,2
12/01/2022,111,52,21,8,2,2
13/01/2022,91,62,19,14,2,4
14/01/2022,101,52,22,11,2,1
15/01/2022,92,37,17,8,2,1
16/01/2022,71,38,17,9,2,2
17/01/2022,56,49,17,10,2,3
18/01/2022,78,63,15,11,2,4
19/01/2022,105,85,28,13,2,5
20/01/2022,138,76,31,16,2,7
21/01/2022,132,81,23,15,1,13
22/01/2022,131,71,20,13,2,6
23/01/2022,88,88,19,9,2,7
24/01/2022,100,78,28,8,1,2
25/01/2022,127,66,22,5,2,3
26/01/2022,105,57,17,8,2,5
27/01/2022,101,73,16,9,2,5
28/01/2022,120,80,23,8,2,6
29/01/2022,134,76,24,8,2,5
30/01/2022,124,73,60,8,2,7
31/01/2022,135,82,26,8,2,7
01/02/2022,155,80,41,6,2,6
02/02/2022,150,78,35,5,2,6
03/02/2022,154,71,23,8,2,10
04/02/2022,118,77,31,11,2,5
05/02/2022,144,72,24,7,2,4
06/02/2022,131,76,27,6,2,7
07/02/2022,141,73,25,7,2,6
08/02/2022,128,72,28,7,2,6
09/02/2022,122,57,23,7,2,2
10/02/2022,102,62,12,9,2,7
11/02/2022,83,59,15,9,2,4
12/02/2022,86,65,18,8,2,4
13/02/2022,112,64,19,9,2,6
14/02/2022,112,71,26,9,2,8
15/02/2022,140,71,31,8,2,6
16/02/2022,134,76,30,7,2,6
17/02/2022,143,61,23,8,2,5
18/02/2022,113,61,23,9,2,5
19/02/2022,102,81,23,10,2,9
20/02/2022,140,79,29,12,2,10
21/02/2022,141,78,23,7,2,7
22/02/2022,155,59,21,8,2,4
23/02/2022,92,49,16,9,2,4
24/02/2022,72,67,14,10,2,5
25/02/2022,106,69,14,8,2,5
26/02/2022,114,61,13,8,2,5
27/02/2022,89,56,14,9,2,7
28/02/2022,71,57,23,9,2,6
01/03/2022,78,57,15,9,2,5
02/03/2022,76,68,15,10,2,8
03/03/2022,105,69,12,11,2,7
04/03/2022,104,62,11,11,2,7
05/03/2022,90,59,13,9,2,4
06/03/2022,79,53,18,7,2,5
07/03/2022,79,63,21,9,2,5
08/03/2022,113,68,18,9,2,5
09/03/2022,129,72,36,5,2,6
10/03/2022,124,74,31,7,2,5
11/03/2022,120,74,25,9,1,6
12/03/2022,131,84,34,7,2,5
13/03/2022,145,78,28,7,1,8
14/03/2022,153,99,24,21,2,23
16/03/2022,142,85,17,17,2,11
17/03/2022,196,83,25,11,3,13
18/03/2022,141,71,26,2,2,5
19/03/2022,132,61,23,5,2,6
20/03/2022,111,58,25,5,2,4
21/03/2022,110,58,38,6,2,6
22/03/2022,118,73,26,16,1,5
23/03/2022,151,73,24,8,2,5
24/03/2022,147,66,25,9,2,5
25/03/2022,130,70,28,10,2,6
26/03/2022,131,74,21,12,2,6
27/03/2022,130,68,20,14,2,6
28/03/2022,126,67,26,8,2,6
29/03/2022,122,74,25,4,2,6
30/03/2022,134,70,24,6,2,9
31/03/2022,117,62,26,5,2,3
01/10/2021,63,39,10,14,4,14
02/10/2021,66,21,11,12,2,9
03/10/2021,38,34,12,14,3,13
04/10/2021,48,39,10,10,3,10
05/10/2021,61,12,8,9,4,11
06/10/2021,12,19,19,4,3,3
07/10/2021,33,21,14,13,3,10
08/10/2021,40,18,9,17,2,8
09/10/2021,40,16,16,7,3,4
10/10/2021,32,20,17,6,2,6
11/10/2021,47,11,13,5,1,5
12/10/2021,24,12,13,8,2,4
13/10/2021,25,26,15,14,2,6
14/10/2021,51,35,47,8,3,7
15/10/2021,84,46,34,9,2,3
16/10/2021,109,29,26,2,1,1
17/10/2021,68,34,26,1,2,3
18/10/2021,77,56,33,15,2,5
19/10/2021,102,69,23,20,1,4
20/10/2021,130,59,26,4,1,4
21/10/2021,110,53,17,8,1,3
22/10/2021,99,44,18,3,2,1
23/10/2021,83,38,16,14,5,6
24/10/2021,56,39,12,6,2,2
25/10/2021,79,85,12,27,4,10
26/10/2021,150,80,17,15,2,5
27/10/2021,153,86,22,11,2,5
28/10/2021,157,55,21,16,3,6
29/10/2021,122,33,7,18,2,4
30/10/2021,48,31,7,17,2,4
31/10/2021,45,34,7,17,3,5
01/11/2021,37,48,7,22,4,5
02/11/2021,71,50,6,18,1,6
03/11/2021,86,49,9,14,2,6
04/11/2021,93,55,12,13,4,8
05/11/2021,112,58,11,20,2,13
06/11/2021,95,63,14,9,2,11
07/11/2021,126,81,17,16,2,10
08/11/2021,164,81,26,9,2,6
09/11/2021,161,79,29,10,2,6
10/11/2021,159,53,27,4,2,4
11/11/2021,134,32,26,10,2,5
12/11/2021,90,45,10,19,2,7
13/11/2021,102,32,16,17,3,5
14/11/2021,72,42,16,22,2,7
15/11/2021,87,45,18,13,2,4
16/11/2021,97,36,13,11,2,4
17/11/2021,74,25,11,23,3,4
18/11/2021,73,21,14,27,3,4
19/11/2021,60,29,11,30,3,3
20/11/2021,69,49,34,42,2,3
21/11/2021,106,53,9,58,2,4
22/11/2021,83,46,8,33,2,4
23/11/2021,69,50,8,39,2,4
24/11/2021,79,62,13,23,2,5
25/11/2021,95,71,14,23,3,5
26/11/2021,121,71,16,24,2,6
27/11/2021,142,50,17,22,2,5
28/11/2021,97,33,9,19,2,3
29/11/2021,60,42,10,14,2,3
30/11/2021,71,48,12,13,2,3
01/12/2021,100,78,16,13,3,4
02/12/2021,153,69,21,15,3,6
03/12/2021,143,71,32,18,2,5
04/12/2021,146,52,29,13,2,3
05/12/2021,106,79,27,15,2,5
06/12/2021,149,76,19,15,2,5
07/12/2021,153,58,14,23,3,5
08/12/2021,111,51,13,21,2,3
09/12/2021,88,50,14,19,2,4
10/12/2021,82,47,14,15,2,4
11/12/2021,80,41,9,15,4,5
12/12/2021,71,40,10,16,2,5
13/12/2021,82,50,12,14,2,4
14/12/2021,98,79,12,14,2,7
15/12/2021,148,87,18,13,2,5
16/12/2021,159,88,18,12,2,4
17/12/2021,164,96,22,8,2,7
18/12/2021,170,76,22,7,1,3
19/12/2021,155,72,20,8,2,4
20/12/2021,148,88,36,9,3,6
21/12/2021,163,78,33,9,2,3
22/12/2021,158,87,37,11,2,5
23/12/2021,160,84,23,13,2,4
24/12/2021,146,76,22,13,2,5
25/12/2021,136,67,24,11,2,3
26/12/2021,131,68,26,10,2,3
27/12/2021,137,60,16,11,3,3
28/12/2021,112,55,18,12,2,3
29/12/2021,92,51,9,12,2,3
30/12/2021,84,50,6,14,2,5
31/12/2021,83,36,9,12,2,3
01/01/2022,58,28,11,12,3,3
02/01/2022,52,51,14,13,2,3
01/07/2021,69,41,20,8,2,3
02/07/2021,34,46,22,9,3,3
03/07/2021,48,36,22,10,2,3
04/07/2021,33,30,19,13,3,5
05/07/2021,42,41,22,15,2,7
06/07/2021,60,52,20,13,2,5
07/07/2021,49,42,19,12,2,4
08/07/2021,50,29,16,10,2,3
09/07/2021,58,20,15,10,3,3
10/07/2021,47,53,18,9,2,2
11/07/2021,60,47,18,10,2,3
12/07/2021,67,28,11,10,3,3
13/07/2021,46,14,7,11,2,2
14/07/2021,28,12,9,10,3,2
15/07/2021,37,19,12,11,2,2
16/07/2021,43,23,12,11,1,3
17/07/2021,51,10,10,10,3,2
18/07/2021,33,21,11,11,3,2
19/07/2021,42,33,11,10,2,2
20/07/2021,53,27,9,10,1,3
21/07/2021,51,22,13,10,2,3
22/07/2021,46,24,10,9,1,3
23/07/2021,55,27,11,10,1,3
24/07/2021,52,21,13,9,3,2
25/07/2021,50,23,12,11,2,3
26/07/2021,46,30,12,10,2,5
27/07/2021,54,29,14,9,2,1
28/07/2021,56,40,14,10,2,2
29/07/2021,70,38,15,11,2,3
30/07/2021,69,34,15,10,2,4
31/07/2021,64,35,14,9,2,3
01/08/2021,63,36,15,10,3,3
02/08/2021,69,33,14,11,2,3
03/08/2021,66,30,12,12,2,4
04/08/2021,62,33,11,12,2,4
05/08/2021,64,32,14,13,1,4
06/08/2021,61,26,16,13,2,4
07/08/2021,61,29,20,11,3,3
08/08/2021,65,26,18,11,2,3
09/08/2021,63,28,14,17,2,6
10/08/2021,63,46,14,19,3,6
11/08/2021,75,34,13,14,2,4
12/08/2021,67,43,14,16,2,5
13/08/2021,77,44,15,12,2,4
14/08/2021,74,43,15,10,2,3
15/08/2021,76,41,14,12,2,3
16/08/2021,77,43,14,13,2,4
17/08/2021,79,37,16,12,2,3
18/08/2021,72,29,18,12,2,4
19/08/2021,66,41,16,13,2,4
20/08/2021,67,42,16,16,2,5
21/08/2021,58,40,20,18,2,6
22/08/2021,58,32,22,13,3,4
23/08/2021,45,36,23,15,1,5
24/08/2021,55,31,17,14,1,4
25/08/2021,44,24,17,14,3,4
26/08/2021,47,24,12,15,2,5
27/08/2021,62,21,12,12,1,4
28/08/2021,48,25,15,12,2,3
29/08/2021,56,31,16,17,3,5
30/08/2021,65,44,16,14,3,4
31/08/2021,81,41,19,13,3,4
01/09/2021,74,33,13,16,2,5
02/09/2021,71,28,13,14,2,4
03/09/2021,64,27,11,16,1,5
04/09/2021,66,23,11,13,1,4
05/09/2021,57,25,16,15,1,4
06/09/2021,60,26,13,14,3,2
07/09/2021,60,31,12,14,2,4
08/09/2021,62,39,13,14,3,3
09/09/2021,71,38,15,15,2,2
10/09/2021,65,32,14,6,2,3
11/09/2021,63,29,13,3,2,3
12/09/2021,59,25,13,3,2,3
13/09/2021,61,30,14,3,3,4
14/09/2021,55,31,17,5,2,3
15/09/2021,50,42,18,4,2,3
16/09/2021,55,48,20,6,2,4
17/09/2021,69,46,24,7,2,5
18/09/2021,66,52,45,9,3,7
19/09/2021,75,31,22,14,2,9
20/09/2021,69,20,16,6,2,7
21/09/2021,41,20,16,5,2,3
22/09/2021,32,20,15,7,2,6
23/09/2021,39,36,20,21,3,13
24/09/2021,65,22,19,3,1,3
25/09/2021,39,19,16,5,3,5
26/09/2021,43,14,15,2,2,2
27/09/2021,21,23,16,3,2,3
28/09/2021,41,27,16,3,2,3
29/09/2021,46,33,20,12,2,11
30/09/2021,53,43,14,10,3,14
01/04/2021,119,69,17,13,1,3
02/04/2021,105,88,26,13,2,3
03/04/2021,116,84,22,12,3,2
04/04/2021,131,88,23,12,2,2
05/04/2021,137,84,21,12,3,2
06/04/2021,155,80,22,12,2,2
07/04/2021,132,81,23,12,3,2
08/04/2021,142,78,32,13,3,3
09/04/2021,138,83,35,14,4,2
10/04/2021,148,69,16,11,4,1
11/04/2021,110,54,18,12,3,2
12/04/2021,85,52,23,11,3,1
13/04/2021,88,44,24,11,2,2
14/04/2021,82,30,17,12,2,1
15/04/2021,65,43,17,12,2,2
16/04/2021,85,49,19,12,2,2
17/04/2021,98,55,16,11,1,1
18/04/2021,109,56,17,12,2,3
19/04/2021,107,55,19,12,1,2
20/04/2021,110,59,74,12,1,2
21/04/2021,126,53,48,12,2,1
22/04/2021,110,37,53,10,2,1
23/04/2021,80,24,24,11,1, 
24/04/2021,65, , , , , 
26/04/2021,136,70,26,12,2,2
27/04/2021,140,69,29,11,1,1
28/04/2021,148,61,39,10,2, 
29/04/2021,131,54,36,10,2, 
30/04/2021,117,60,46,10,3, 
01/05/2021,137,40,24,9,2, 
02/05/2021,86,27,21,10,2, 
03/05/2021,50,34,29,10,2, 
04/05/2021,71,45,31,10,2,1
05/05/2021,96,36,27,11,2,1
06/05/2021,74,31,20,10,2,1
07/05/2021,57,31,20,10,2,1
08/05/2021,57,21,26,11,2,1
09/05/2021,48,25,13,11,2,2
10/05/2021,66,30,12,10,2,1
11/05/2021,68,36,21,10,2,1
12/05/2021,67,17,20,9,2,1
13/05/2021,35,14,16,10,2,1
14/05/2021,26,9,15,9,3,1
15/05/2021,21,12,14,9,2,1
16/05/2021,27,16,15,9,2,1
17/05/2021,38,19,12,9,2,1
18/05/2021,37,15,17,9,2,1
19/05/2021,25,15,17,9,3,1
20/05/2021,15,18,8,9,2,1
21/05/2021,42,19,15,9,2,1
22/05/2021,43,26,14,9,2,1
23/05/2021,50,41,15,9,2,1
24/05/2021,65,27,17,9,2,1
25/05/2021,54,31,18,9,2,1
26/05/2021,50,43,16,9,2,1
27/05/2021,56,43,16,6,2,1
28/05/2021,56,20,16,4,2,1
29/05/2021,38,15,15,4,3,1
30/05/2021,25,17,15,4,2,1
31/05/2021,29,14,14,4,3,1
01/06/2021,20,19,18,5,2,1
02/06/2021,31,22,26,7,2,2
03/06/2021,51,14,17,6,1,1
04/06/2021,35,9,14,5,2,1
05/06/2021,18,12,17,4,2,1
06/06/2021,21,28,16,5,2,1
07/06/2021,51,43,17,5,2,1
08/06/2021,66,26,17,4,2,1
09/06/2021,44,26,15,4,2,1
10/06/2021,39,28,15,4,2,1
11/06/2021,46,18,16,4,2,1
12/06/2021,23,16,13,4,1,1
13/06/2021,25,18,12,4,2,2
14/06/2021,34,38,12, ,2, 
15/06/2021,57,43,13,5,3,2
16/06/2021,121,52,13,5,4,2
17/06/2021,100,60,13,4,3,2
18/06/2021,114,56,14,4,2,2
19/06/2021,90,56,16,4,2,2
20/06/2021,71,50,15,5,3,2
21/06/2021,62,73,17,6,2,3
22/06/2021,82,62,19,6,2,2
23/06/2021,84,59,18,5,2,2
24/06/2021,73, , , , , 
04/01/2021,110,54,18,11,1,3
05/01/2021,97,29,19,11,1,3
06/01/2021,66,38,19,12,2,4
07/01/2021,71,50,20,11,2,3
08/01/2021,87,56,19,12,1,4
09/01/2021,99,57,19,11,1,3
10/01/2021,103,66,18,12,1,4
11/01/2021,128,65,17,12,1,4
12/01/2021,121,66,18,12,1,4
13/01/2021,132,63,17,12,1,3
14/01/2021,135,64,21,11,1,2
15/01/2021,141,68,15,11,1,2
16/01/2021,150,63,10,11,1,2
17/01/2021,142,58,19,11,1,2
18/01/2021,124,65,16,11,2,3
19/01/2021,139,72,20,11,2,3
20/01/2021,151,68,14,12,2,3
21/01/2021,144,67,11,12,3,3
22/01/2021,139,75,15,11,2,2
23/01/2021,156,76,19,12,3,3
24/01/2021,145,66,22,11,3,2
25/01/2021,138,65,19,12,1,2
26/01/2021,132,71,22,11,2,2
27/01/2021,148,75,17,11,2,2
28/01/2021,159,82,21,11,2,2
29/01/2021,162,83,19,11,2,2
30/01/2021,159,81,23,11,2,1
31/01/2021,157,67,22,11,2,3
01/02/2021,139,72,21,11,2,2
02/02/2021,152,76,21,11,2,2
03/02/2021,156,70,21,11,3,2
04/02/2021,141,73,21,12,3,3
05/02/2021,140,78,20,12,3,4
06/02/2021,147,70,19,11,2,2
07/02/2021,164,72,12,12,3,3
08/02/2021,131,70,19,11,2,2
09/02/2021,136,74,19,13,2,4
10/02/2021,127,74,21,12,2,3
11/02/2021,141,70,20,12,2,3
12/02/2021,128,73,18,11,2,3
13/02/2021,119,76,18,12,3,3
14/02/2021,120,70,19,12,3,3
15/02/2021,132,84,17,12,3,3
16/02/2021,141,74,19,11,2,3
17/02/2021,135,69,17,10,2,1
18/02/2021,143,68,18,11,2,3
19/02/2021,139,49,16,11,1,3
20/02/2021,94,40,20,10,1,2
21/02/2021,59,40,21,11,2,2
22/02/2021,60,53,19,11,1,3
23/02/2021,90,64,20,12,1,3
24/02/2021,125,76,15,13,3,5
25/02/2021,146,77,19,14,2,5
26/02/2021,140,76,15,13,3,4
27/02/2021,139,69,19,11,3,2
28/02/2021,124,65,20,12,2,3
01/03/2021,115,72,16,12,4,3
02/03/2021,132,77,23,13,3,4
03/03/2021,135,67,23,12,2,3
04/03/2021,112,52,19,12,2,3
05/03/2021,79,63,23,13,2,4
06/03/2021,102,71,22,12,2,2
07/03/2021,114,53,22,12,2,4
08/03/2021,79,47,19,11,2,2
09/03/2021,72,47,21,11,1,2
10/03/2021,65,48,19,11,3,1
11/03/2021,74,61,20,11,5,2
12/03/2021,95,57,12,11,2,2
13/03/2021,86,67,19,11,2,1
14/03/2021,87,56,19,12,4,2
15/03/2021,91,65,17,10,2,1
16/03/2021,110,65,20,12,2,4
17/03/2021,121,75,20,12,2,3
18/03/2021,143,77,22,12,2,2
19/03/2021,142,69,21,12,3,2
20/03/2021,129,81,25,12,2,2
21/03/2021,136,72,23,12,2,3
22/03/2021,122,70,23,11,2,2
23/03/2021,116,69,23,11,1,3
24/03/2021,118,68,22,11,2,3
25/03/2021,112,82,24,12,2,3
26/03/2021,149,81,27,12,3,3
27/03/2021,151,87,28,11,4,2
28/03/2021,158,78,20,12,3,3
29/03/2021,153,77,21,12,2,4
30/03/2021,143,81,14,12,3,3
31/03/2021,157,79,21,15,3,6
01/10/2020,82,56,18,3,2,6
02/10/2020,89,27,18,2,1,4
03/10/2020,51,18,15,1,1,3
04/10/2020,29,44,18,4,1,6
05/10/2020,75,61,20,6,1,8
06/10/2020,102,57,20,5,1,7
07/10/2020,100,73,15,6,1,8
08/10/2020,129,53,15,4,1,6
09/10/2020,107,31,9,3,2,5
10/10/2020,59,27,11,1,1,3
11/10/2020,64,35,10,2,1,4
12/10/2020,74,33,9,2,1,4
13/10/2020,64,36,11,1,1,3
14/10/2020,60,36,11,1,2,3
15/10/2020,60,61,26,3,3,6
16/10/2020,104,73,31,5,4,10
17/10/2020,124,62,5,3,1,8
18/10/2020,111,56,6,6,2,12
19/10/2020,101,41,24,5,1,8
20/10/2020,83,34,14,6,2,7
21/10/2020,68,27,19,12,5,5
22/10/2020,55,27,13, ,2,4
23/10/2020,60,42,13,17,2,8
24/10/2020,77,49,13, , ,7
25/10/2020,101,68,12, ,4,10
26/10/2020,146,78,11, ,3,10
27/10/2020,156,75,10,16,3,10
28/10/2020,152,76,9,9,1,5
29/10/2020,151,75,4, ,1,6
30/10/2020,148,84,11,7,1,9
31/10/2020,161,86,7,3, ,2
01/11/2020,163,92,10,4,1,5
02/11/2020,171,80,16,5,2,6
03/11/2020,157,74,14,6,2,8
04/11/2020,152,57,16,7,2,5
05/11/2020,118,42,19,7,2,4
06/11/2020,72,43,13,7,2,5
07/11/2020,68,59,13,7,3,4
08/11/2020,112,83,10,9,2,6
09/11/2020,160,76,15,11,2,6
10/11/2020,148,72,15,12,2,6
11/11/2020,136,60,16,12,1,7
12/11/2020,89,33,15,11,1,3
13/11/2020,56,48,13,12,2,4
14/11/2020,80,50,17,9,3,6
15/11/2020,93,26,16,10,2,5
16/11/2020,56,48,17,22,2,6
17/11/2020,76,49,16,3,2,6
18/11/2020,78,50,20,3,3,5
19/11/2020,88,50,22,3,2,5
20/11/2020,89,57,26,5,2,6
21/11/2020,99,85,24,5,2,4
22/11/2020,128,70,21,6,3,6
23/11/2020,123,76,21,6,2,6
24/11/2020,140,72,21,5,2,5
25/11/2020,124,20,12,5,1,3
26/11/2020,54,25,10,5,1,3
27/11/2020,42,41,11,5,1,4
28/11/2020,61,43,11,5,2,4
29/11/2020,62,44,15,5,1,5
30/11/2020,67,55,6,5,2,5
01/12/2020,86,59,11,5,1,5
02/12/2020,96,50,11,5,1,5
03/12/2020,88,37,13,6,2,8
04/12/2020,62,34,14,5,2,5
05/12/2020,48,39,14,5,2,4
06/12/2020,79,33,14,5,1,4
07/12/2020,46,32,13,5,1,3
08/12/2020,66,58,14,5,1,5
09/12/2020,87,61,14,5,3,4
10/12/2020,100,70,29,6,1,4
11/12/2020,128,77,15,7,1,4
12/12/2020,148,75,15,7,1,2
13/12/2020,150,86,15, ,2,9
14/12/2020,156,76,18,8,1,4
15/12/2020,153,69,18,8,1,4
16/12/2020,141,68,17,9,1,5
17/12/2020,130,68,18,11, ,4
18/12/2020,137,74,17,13,1,4
19/12/2020,155,84,14,12,1,3
20/12/2020,162,77,14,10,1,3
21/12/2020,158,79,18,11,1,3
22/12/2020,158,76,17,12,1,3
23/12/2020,156,79,17,12,1,4
24/12/2020,157,79,17,12,1,3
25/12/2020,156,78,17,12,1,3
26/12/2020,155,81,17,11, ,3
27/12/2020,154,86,18,12,1,4
28/12/2020,165,81,17,11,1,3
29/12/2020,158,72,17,11,1,3
30/12/2020,141,60,17,11,1,3
31/12/2020,129,74,17,11,1,2
01/01/2021,156,73,22,11,1,3
02/01/2021,156,58,17,10,1,2
03/01/2021,127,56,15,11,1,3
01/07/2020,66,22,8,5,1,3
02/07/2020,57,21,9,5,1,3
03/07/2020,55,26,9,4,2,3
04/07/2020,58,29,11,2,1,2
05/07/2020,65,33,12,4,1,3
06/07/2020,63,27,13,3,1,3
07/07/2020,60,22,14,4,1,3
08/07/2020,54,23,14,4,1,3
09/07/2020,51,24,12,4,1,3
10/07/2020,57,26,15,4,1,3
11/07/2020,59,19,15,2,1,2
12/07/2020,54,30,17,5,1,3
13/07/2020,64,25,13,5,1,4
14/07/2020,58,20,12,2,1,3
15/07/2020,59,17,10,2,1,3
16/07/2020,49,21,13,2,1,2
17/07/2020,58,24,14,2,2,3
18/07/2020,59,22,15,4,2,4
19/07/2020,63,21,13,3,2,3
20/07/2020,60,20,15,3,2,3
21/07/2020,42,43,19,7,2,6
22/07/2020,88,34,18,6,2,4
23/07/2020,76,24,13,4,1,3
24/07/2020,63,22,15,3,1,3
25/07/2020,53,26,16,2,1,2
26/07/2020,65,26,16,4,2,3
27/07/2020,62,29,14,8,1,5
28/07/2020,62,28,11,7,1,5
29/07/2020,66,22,13,4,1,3
30/07/2020,50,22,14,3,1,3
31/07/2020,58,15,9,2,1,2
01/08/2020,43, , , , , 
03/08/2020,47,30,12,4,1,3
04/08/2020,54,32,12,4,2,3
05/08/2020,55,38,11,4,1,3
06/08/2020,59,35,10,4,1,3
07/08/2020,57,34,10,4,1,3
08/08/2020,59,33,10,3,1,3
09/08/2020,63,36,10,4,1,4
10/08/2020,64,41,10,5,1,4
11/08/2020,68,47,10,5,1,5
12/08/2020,69,51,10,4,1,4
13/08/2020,76,50,10,5,1,4
14/08/2020,75,47,10,4,1,4
15/08/2020,73,49,10,4,1,3
16/08/2020,78,40,12,5,1,3
17/08/2020,65,41,10,4,1,4
18/08/2020,67,43,15,4,1,3
19/08/2020,67,46,15,3,1,4
20/08/2020,69,42,15,1,1,3
21/08/2020,69,38,25,1,1,3
22/08/2020,65,33,20,1,1,3
23/08/2020,57,43,18,2,1,4
24/08/2020,72,51,14,4,1,6
25/08/2020,81,48,14,3,1,7
26/08/2020,74,49,14,3,1,5
27/08/2020,76,59,13,3,1,6
28/08/2020,82,52,11,1,1,3
29/08/2020,77,47,11,2,1,3
30/08/2020,64,42,17,3,2,6
31/08/2020,68,49,18,4,2,8
01/09/2020,73,46,20,4,2,7
02/09/2020,79,46,22,3,1,6
03/09/2020,76,59,22,4,2,9
04/09/2020,93,64,28,4,1,9
05/09/2020,125,60,26,3,1,7
06/09/2020,113,35,23,1,1,6
07/09/2020,53,34,13,3,1,9
08/09/2020,58,34,12,2,1,5
09/09/2020,59,31,12,1,1,3
10/09/2020,48,34,12,1,1,3
11/09/2020,58,30,13,1,1,3
12/09/2020,54,30,14,1,1,3
13/09/2020,58, , , , , 
15/09/2020,54,40,13,1,2,4
16/09/2020,58,43,13,1,1,4
17/09/2020,66,37,12,1,1,4
18/09/2020,54,36,13,1,1,4
19/09/2020,59,28,12,1,1,3
20/09/2020,51,34,13,1,1,3
21/09/2020,60,42,12,1,1,4
22/09/2020,60,55,13,2,1,5
23/09/2020,75,49,12,2,1,7
24/09/2020,72,46,12,1,1,4
25/09/2020,68,46,13,2,1,5
26/09/2020,72,49,28,4,2,6
27/09/2020,76,51,18,3,1,7
28/09/2020,79,46,18,4,2,7
29/09/2020,79,43,17,2,2,5
30/09/2020,68,55,19,4,2,6
01/04/2020,78,47,20,5, ,4
02/04/2020,94,51,17,5, ,3
03/04/2020,105,49,15,5, ,4
04/04/2020,106,38,13,8, ,5
05/04/2020,78,35,13,7, ,4
06/04/2020,73,17,19,6, ,4
07/04/2020,38,26,20,9, ,4
08/04/2020,62,33,30,9, ,4
09/04/2020,73, , , , , 
13/04/2020,100,51,27,11, ,5
14/04/2020,102,45,25,10, ,4
15/04/2020,100,42,23,9, , 
16/04/2020,82,48,24,8, ,4
17/04/2020,95,47,20,9, ,5
18/04/2020,90,40,19,8, ,3
19/04/2020,73,30,17,9, ,3
20/04/2020,63,29,16,9, ,3
21/04/2020,56,35,19,8, ,3
22/04/2020,70,32,27,8, ,2
23/04/2020,66,36,21,9, ,4
24/04/2020,78,41,18,8, ,4
25/04/2020,74,31,20,7,1,9
26/04/2020,59,25,16,5, ,2
27/04/2020,59,42,21,10,1,5
28/04/2020,68,24,17,7, ,3
29/04/2020,49,33,28,10, ,4
30/04/2020,63,42,32,10, ,5
01/05/2020,75,35,24,8,24,3
02/05/2020,68,41,22,9, , 
03/05/2020,79,56,26,12, , 
04/05/2020,92,60,23,10, ,5
05/05/2020,103,46,21,10, , 
06/05/2020,81,52,19,11, , 
07/05/2020,94,39,5,11, ,5
08/05/2020,66, , , , , 
10/05/2020,71,47,23,11, ,6
11/05/2020,76,39,15,12, ,6
12/05/2020,54,32,24,9, ,6
13/05/2020,58,47,20,12, ,6
14/05/2020,85,41,17,14, ,7
15/05/2020,62,46,24,14, ,7
16/05/2020,82,40,22,8, ,5
17/05/2020,73,32,22,5, ,3
18/05/2020,60,56,17,5, ,4
19/05/2020,79,49,12, , ,3
20/05/2020,76, , , , , 
29/05/2020,46,39,16,14, ,7
30/05/2020,60,42,15,7,2,5
31/05/2020,73,17,12,5,1,3
01/06/2020,26,16,12,4,1,4
02/06/2020,19,15,13,4,1,4
03/06/2020,21,17,12,5,1,4
04/06/2020,16,25,13,6,2,3
05/06/2020,43,35,13,7,2,3
06/06/2020,65,37,11,5,2,3
07/06/2020,69,47,11,7,2,4
08/06/2020,74,46,13,6,2,4
09/06/2020,79,40,12,5,1,4
10/06/2020,73,25,11,4,2,3
11/06/2020,61,31,11,5,1,3
12/06/2020,61,30,11,4,1,3
13/06/2020,65,30,11,3,1,3
14/06/2020,57,31,11,4,1,3
15/06/2020,63,36,12,4,1,3
16/06/2020,66,47,10,5,1,4
17/06/2020,77,40,10,4,1,3
18/06/2020,72,46,10,5,1,3
19/06/2020,77,42,11,5,2,4
20/06/2020,70,39,10,3,2,3
21/06/2020,67,34,10,6,2,4
22/06/2020,65,45,12,5,2,3
23/06/2020,79,40,13,6,1,4
24/06/2020,75,34,16,11,2,5
25/06/2020,70,28,14,6,2,4
26/06/2020,61,28,13,6,1,4
27/06/2020,61,29,14,4,1,3
28/06/2020,60,29,13,5,1,3
29/06/2020,65,24,10,5,1,3
30/06/2020,56,29,11,4,1,3
01/01/2020,82,51,17,16,1,11
02/01/2020,66,62,21,15,1,9
03/01/2020,84,109,26,20,1,16
04/01/2020,130,81,26,15, ,9
05/01/2020,133,54,14,17, ,13
06/01/2020,71,59,14,18, ,13
07/01/2020,74,64,28,20, ,11
08/01/2020,93,74,19,22, ,13
09/01/2020,112,68,15,26, ,13
10/01/2020,105,58,14,21, ,11
11/01/2020,88,71,14,19, ,11
12/01/2020,110,80,26,25, ,15
13/01/2020,140,84,26,26, ,15
14/01/2020,145,68,22,17, ,10
15/01/2020,119,75,39,21, ,12
16/01/2020,113,76,27,24, ,14
17/01/2020,102,64,9,14, ,10
18/01/2020,70,71,13,14, ,9
19/01/2020,73,76,18,21, ,13
20/01/2020,98,78,16,22, ,12
21/01/2020,100,65,15,18, ,11
22/01/2020,87,72,14,16, ,11
23/01/2020,104,73,12,24, ,13
24/01/2020,111,96,17,28, ,13
25/01/2020,106,99,22,28, ,13
26/01/2020,114,72,25,20, ,10
27/01/2020,114,80,31,13, ,8
28/01/2020,128,77,34,18, ,9
29/01/2020,113,98,32,24, ,13
30/01/2020,118,72,27,19, ,9
31/01/2020,120,80,21,18, ,9
01/02/2020,135,72,19,13, ,8
02/02/2020,101,66,17,19, ,11
03/02/2020,89,63,17,17, ,10
04/02/2020,80,55,31,13, ,8
05/02/2020,78,88,16,23, ,13
06/02/2020,120,95,31,17, ,10
07/02/2020,144,79,25,13, ,8
08/02/2020,118,199,11,13, ,18
09/02/2020,211,80,15,14, ,14
10/02/2020,129,61,16,16, ,10
11/02/2020,94,66,14,16, ,11
12/02/2020,92,70,19,25, ,16
13/02/2020,102,106,39,27, ,14
14/02/2020,126,111,36,32, ,14
15/02/2020,130,71,27,23, ,10
16/02/2020,102,70,22,26, ,15
17/02/2020,94,70,23,24, ,11
18/02/2020,109,75,28,24, ,12
19/02/2020,117,71,20,22, ,11
20/02/2020,117,64,22,17, ,9
21/02/2020,77,65,26,15, ,9
22/02/2020,90,67,24,12, ,9
23/02/2020,100,60,26,16, ,11
24/02/2020,94,68,37,19, ,12
25/02/2020,104,70,22,18, ,10
26/02/2020,81,69,34,20, ,13
27/02/2020,105,69,24,17, ,11
28/02/2020,123,69,26,20, ,13
29/02/2020,121,74,26,15, ,10
01/03/2020,121,80,40,18, ,14
02/03/2020,148,216,23,52, ,25
03/03/2020,180,73,37,20, ,12
04/03/2020,136,75,32,12, ,7
05/03/2020,128,57,30,11, ,8
06/03/2020,99,64,18,15, ,10
07/03/2020,126,67,19,14, ,8
08/03/2020,114,59,23,13, ,8
09/03/2020,112,62,22,14, ,8
10/03/2020,117,59,19,16, ,8
11/03/2020,109,59,22,17, ,8
12/03/2020,97,57,16,18, ,8
13/03/2020,111,60,17,18, ,9
14/03/2020,97,62,20,14, ,8
15/03/2020,114,52,14,15, ,9
16/03/2020,83,59,14,15, ,7
17/03/2020,71,60,17,21, ,6
18/03/2020,85,71,28,18, ,4
19/03/2020,106,57,28,14, ,11
20/03/2020,108,59,35,19, ,9
21/03/2020,98,43,29,7, ,5
22/03/2020,78,57,17,14, ,6
23/03/2020,114,57,16,8, ,7
24/03/2020,110,39,16,5, ,3
25/03/2020,72,41,12,5, ,3
26/03/2020,76,38,14,7, ,3
27/03/2020,70,37,13,6, ,3
28/03/2020,72,36,15,6, ,4
29/03/2020,70,41,15,6, ,3
30/03/2020,82,39,16,6, ,3
31/03/2020,73,40,16,6, ,3
01/10/2019,92,42,25,21,1,11
02/10/2019,70,43,26,17,1,10
03/10/2019,89,48,25,19,1,11
04/10/2019,107,62,13,30,2,11
05/10/2019,108,46,17,15,1,10
06/10/2019,92,61,18,21,1,10
07/10/2019,113,53,27,13,1,9
08/10/2019,71,45,22,22,1,10
09/10/2019,90,57,18,18,1,9
10/10/2019,117,70,25,20,1,9
11/10/2019,132,70,14,18,1,10
12/10/2019,121,51,11,12,1,10
13/10/2019,61,57,11,16,1,10
14/10/2019,64,57,12,19,1,13
15/10/2019,75,56,11,19,1,6
16/10/2019,67,49,10,18,1,6
17/10/2019,62,55,12,16,1,5
18/10/2019,75,42,10,14,1,3
19/10/2019,56,46,12,15,1,2
20/10/2019,64,45,11,20,1,7
21/10/2019,63,22,16,13,1,4
22/10/2019,48,18,12,7,1,3
23/10/2019,33,24,14,6,1,4
24/10/2019,33,25,13,6,1,4
25/10/2019,33,34,13,7,1,4
26/10/2019,51,54,17,11,1,7
27/10/2019,100,63,10,15,1,9
28/10/2019,129,59,11,15,1,10
29/10/2019,106,36,13,13,1,10
30/10/2019,75,47,15,12,1,8
31/10/2019,75,57,21,12,1,8
01/11/2019,91,62,14,15,1,11
02/11/2019,95,67,15,18,1,11
03/11/2019,119,81,17,24,1,14
04/11/2019,149,93,17,29,1,18
05/11/2019,158,97,40,27,1,15
06/11/2019,168,100,36,27,1,16
07/11/2019,167,83,21,22,1,16
08/11/2019,154,77,22,20,1,12
09/11/2019,139,73,16,22,1,16
10/11/2019,149,86,13,22,1,11
11/11/2019,164,59,9,22,1,7
12/11/2019,91,64,13,22,1,7
13/11/2019,96,59,15,20,1,8
14/11/2019,90,52,7,18,1,11
15/11/2019,87,53,8,16,1,13
16/11/2019,76,58,9,13,1,8
17/11/2019,95,62,9,23,1,17
18/11/2019,83,54,9,17,1,9
19/11/2019,75,53,12,18,1,9
20/11/2019,73,66,12,21,1,11
21/11/2019,126,68,14,20,1,9
22/11/2019,129,66,15,21,1,8
23/11/2019,116,71,17,17,1,7
24/11/2019,129,66,17,19,1,9
25/11/2019,114,72,12,17,1,9
26/11/2019,117,64,12,21,1,13
27/11/2019,114,56,10,18,1,9
28/11/2019,82,51,9,19,1,12
29/11/2019,76,43,9,17,1,11
30/11/2019,72,23,8,18,1,10
01/12/2019,55,35,10,15,1,10
02/12/2019,48,57,10,18,1,11
03/12/2019,90,65,12,20,1,12
04/12/2019,117,80,17,28,1,15
05/12/2019,152,79,15,24,1,12
06/12/2019,156,64,13,25,1,16
07/12/2019,113,50,14,18,1,10
08/12/2019,85,50,13,19,1,11
09/12/2019,76,51,13,19,1,11
10/12/2019,76,55,18,18,1,8
11/12/2019,101,61,17,22,1,13
12/12/2019,100,63,17,19,1,12
13/12/2019,104,46,13,17,1,11
14/12/2019,79,60,15,19,1,12
15/12/2019,97,54,13,18,1,14
16/12/2019,79,54,15,19,1,13
17/12/2019,90,74,16,22,1,15
18/12/2019,126,67,13,20,1,14
19/12/2019,112,76,15,21,1,15
20/12/2019,130,72,17,19,1,11
21/12/2019,145,68,19,15,1,9
22/12/2019,136,68,18,19,1,12
23/12/2019,139,64,15,19,1,13
24/12/2019,105,58,14,17,1,11
25/12/2019,95,70,27,20,1,13
26/12/2019,121,68,21,22,1,13
27/12/2019,119,59,16,17,1,10
28/12/2019,89,61,23,17,1,9
29/12/2019,107, , , , , 
01/07/2019,48,49,33,9,1,4
02/07/2019,43,48,29,9,1,5
03/07/2019,34,38,22,8,1,3
04/07/2019,33,40,26,8,1,4
05/07/2019,36,35,26,8,1,4
06/07/2019,28,45,28,7,1,6
07/07/2019,37,39,25,8,1,7
08/07/2019,23,32,23,9,1,7
09/07/2019,23,32,20,9,1,7
10/07/2019,33,35,20,11,1,8
11/07/2019,38,37,22,8,1,4
12/07/2019,36,44,25,6,1,5
13/07/2019,36,41,23,6,1,5
14/07/2019,34,27,24,8,1,6
15/07/2019,26,38,17,8,1,5
16/07/2019,49,42,20,13,1,7
17/07/2019,58,47,20,15,1,8
18/07/2019,59,24,14,12,1,6
19/07/2019,35,22,12,10,1,5
20/07/2019,23,23,13,10,1,6
21/07/2019,23,21,14,10,1,5
22/07/2019,32,28,12,11,1,6
23/07/2019,43,34,16,10,1,5
24/07/2019,46,28,15,11,1,6
25/07/2019,45,33,12,11,1,6
26/07/2019,41,39,13,10,1,5
27/07/2019,40,42,13,12,1,7
28/07/2019,49,38,12,10,1,6
29/07/2019,42,36,11,11,1,5
30/07/2019,45,40,12,11,1,6
31/07/2019,49,36,11,10,1,5
01/08/2019,32,36,10,10,1,6
02/08/2019,40,39,13,10,1,5
03/08/2019,34,37,10,9,1,5
04/08/2019,35,19,7,10,1,5
05/08/2019,24,17,9,10,1,5
06/08/2019,20,18,6,9,1,5
07/08/2019,19,19,6,10,1,5
08/08/2019,20,15,9,9,1,4
09/08/2019,25,19,8,10,1,5
10/08/2019,25,24,9,9,1,5
11/08/2019,25,26,12,10,1,6
12/08/2019,37,30,14,12,1,6
13/08/2019,42,28,16,11,1,6
14/08/2019,47,22,18,10,1,5
15/08/2019,39,26,14,11,1,6
16/08/2019,36,30,12,12,1,7
17/08/2019,42,33,12,13,1,7
18/08/2019,55,32,16,12,1,7
19/08/2019,47,33,12,12,1,7
20/08/2019,47,29,11,11,1,6
21/08/2019,40,31,10,11,1,7
22/08/2019,41,26,12,10,1,6
23/08/2019,33,25,9,8,1,5
24/08/2019,27, , , , , 
26/08/2019,57,40,15,13,1,6
27/08/2019,44,37,12,13,1,6
28/08/2019,57,38,16,11,1,6
29/08/2019,50,38,17,11,1,6
30/08/2019,51,46,14,11,1,6
31/08/2019,61,41,14,10,1,5
01/09/2019,50,25,14,9,1,5
02/09/2019,38,21,12,10,1,5
03/09/2019,33,25,12,11,1,5
04/09/2019,43,27,11,9,1,6
05/09/2019,38,31,10,7,1,4
06/09/2019,47,31,5,6,1,5
07/09/2019,45,31,5,6,1,5
08/09/2019,45,31,10,7,1,5
09/09/2019,44,41,16,7,1,5
10/09/2019,58,41,16,7,1,5
11/09/2019,56,38,16,8,1,5
12/09/2019,56,38,16,8,1,6
13/09/2019,57,42,17,6,1,5
14/09/2019,57,45,17,6,1,5
15/09/2019,59,30,18,7,1,5
16/09/2019,47,32,16,8,1,7
17/09/2019,55,40,17,8,1,5
18/09/2019,60,38,17,6,1,5
19/09/2019,60,38,18,7,1,6
20/09/2019,55,46,19,9,1,8
21/09/2019,63,46,19,15,1,11
22/09/2019,72,42,21,19,1,12
23/09/2019,77,30,22,13,1,9
24/09/2019,55,32,19,10,1,7
25/09/2019,58,31,17,8,1,7
26/09/2019,45,58,19,14,1,10
27/09/2019,103,54,20,12,1,8
28/09/2019,80,66,20,12,1,6
29/09/2019,123,56,19,12,1,8
30/09/2019,78,50,23,13,1,8
01/04/2019,107, , , , , 
09/04/2019,117,79,29,15,4,10
10/04/2019,119,85,30,16,7,9
11/04/2019,119,81,37,14,5,9
12/04/2019,110,90,26,13,4,9
13/04/2019,105,81,28,13,7,4
14/04/2019,100,74,35,14,4,10
15/04/2019,102,75,33,13, ,10
16/04/2019,88,76,32,11, ,11
17/04/2019,99,54,39,13, ,10
18/04/2019,78,48,33,11, ,6
19/04/2019,70,51,42,11,1,5
20/04/2019,69,51,47,11, ,8
21/04/2019,65,64,39,12, ,9
22/04/2019,90,54,32,13,1,5
23/04/2019,70,68,29,14,1,18
24/04/2019,96,80,26,15,1,12
25/04/2019,116,77,30,14, ,11
26/04/2019,118,93,35,16,1,8
27/04/2019,129,93,45,14,1,9
28/04/2019,123,78,42,13,1,4
29/04/2019,119,64,36,11,1,3
30/04/2019,85,47,33,11,1,5
01/05/2019,65,67,33,11,1,3
02/05/2019,82,69,36,9,1,4
03/05/2019,80,74,23,9,1,2
04/05/2019,89, , , , , 
17/05/2019,104,84,43,15,1,8
18/05/2019,118,74,32,12,1,8
19/05/2019,104,75,35,12,1,12
20/05/2019,108,68,43,7,1,7
21/05/2019,108,63,64,6,1,9
22/05/2019,101,63,33,8,1,9
23/05/2019,109,57,46,7, ,7
24/05/2019,88,48,45,6, ,5
25/05/2019,65,36,53,6, ,3
26/05/2019,53,52,35,12,1,5
27/05/2019,76,63,37,7,1,7
28/05/2019,92,49,57,6,2,6
29/05/2019,71,56,40,5,1,5
30/05/2019,85,48,45,6, ,7
31/05/2019,78,53,39,9,1,11
01/06/2019,79,54,36,4, ,3
02/06/2019,77,32,42,5,1,4
03/06/2019,54,53,34,6,1,6
04/06/2019,78,49,38,6,1,5
05/06/2019,79,56,36,9,1,15
06/06/2019,87,47,43,8,1,8
07/06/2019,72,51,38,6,1,9
08/06/2019,76,39,30,4,1,2
09/06/2019,53,25,28,3,1,2
10/06/2019,18,29,24,3,1,4
11/06/2019,22,31,22,3,1,2
12/06/2019,20,32,18,3,1,2
13/06/2019,31,38,21,4,1,4
14/06/2019,45,46,20,4,1,2
15/06/2019,48,56,23,4,1,3
16/06/2019,56,50,23,4,1,4
17/06/2019,58,52,21,4,1,4
18/06/2019,59,49,22,5,1,6
19/06/2019,61,41,23,4,1,3
20/06/2019,45,39,28,4,1,4
21/06/2019,55,30,27,4,1,2
22/06/2019,23,25,28,4,1,3
23/06/2019,27,36,23,11,2,8
24/06/2019,46,54,22,11, ,7
25/06/2019,64,47,18,12, ,5
26/06/2019,57,49,18,19,1,3
27/06/2019,53,57,28,19,1,4
28/06/2019,61,58,30,17,1,4
29/06/2019,54,54,23,16,1,5
30/06/2019,41,49,31,14,1,4
01/01/2019,149,88,25,13,1,12
02/01/2019,132,84,22,9,1,9
03/01/2019,150,75,23,17,2,16
04/01/2019,120,73,27,11,1,13
05/01/2019,130,79,34, ,1,11
06/01/2019,150,86,35,21,1,16
07/01/2019,148,85,35,20,1,15
08/01/2019,149,89,29,22,1,15
09/01/2019,151,77,39,24,1,7
10/01/2019,151,135,32,25,1,20
11/01/2019,131,93,35,24,1,16
12/01/2019,158,85,34,21,1,12
13/01/2019,145,85,29,22,1,15
14/01/2019,147,70,30,22,1,10
15/01/2019,114,83,38,22,1,12
16/01/2019,146,158,27,24,1,21
17/01/2019,189,97,26,21, ,16
18/01/2019,162,82,24,25,1,14
19/01/2019,133,77,33,25,1,9
20/01/2019,120,83,29,24,1,12
21/01/2019,132,124,50,24,1,13
22/01/2019,162,102,60,22,1,14
23/01/2019,150,85,41,17, ,10
24/01/2019,131,78,32,17,1,10
25/01/2019,102,96,34,18,1,11
26/01/2019,141,80,31,18,1,8
27/01/2019,121,64,33,15,1,9
28/01/2019,91,55,19,17,1,12
29/01/2019,86,80,30,18,1,14
30/01/2019,132,76,32,19,1,11
31/01/2019,137,80,36,21,1,12
01/02/2019,139,78,32,23,1,12
02/02/2019,130,83,29,20,1,9
03/02/2019,121,66,24,19,1,12
04/02/2019,99,73,30,19,1,12
05/02/2019,115,95,40,20,1,11
06/02/2019,141,91,39,19,1,13
07/02/2019,148,94,40,15,1,10
08/02/2019,143,92,50,18,1,14
09/02/2019,157,73,27,15,1,11
10/02/2019,136,67,20,14,1,10
11/02/2019,117,73,25,15,1,10
12/02/2019,130,70,30,14,1,4
13/02/2019,121, , , , , 
15/02/2019,119,63,37,14,1,6
16/02/2019,103,70,22,15, ,5
17/02/2019,143,90,29,16,1,17
18/02/2019,96,71,27,17,1,11
19/02/2019,115,64,18,15,1,9
20/02/2019,86,70,18,16,1,11
21/02/2019,94,73,20,17,1,11
22/02/2019,98,83,33,21,1,13
23/02/2019,119,72,37,22,1,10
24/02/2019,101,77,37,22,1,13
25/02/2019,99,88,42,19,1,10
26/02/2019,121,74,38,13,1,8
27/02/2019,107,83,46,16,1,9
28/02/2019,109,97,45,18,1,18
01/03/2019,134,75,27,13,1,10
02/03/2019,109,74,41,14,1,10
03/03/2019,95,71,41,12,1,7
04/03/2019,111,101,36,11,1,14
05/03/2019,114,90,33,15,1,12
06/03/2019,113,119,35,18,3,17
07/03/2019,130,93,48,18,4,14
08/03/2019,123,92,38,14,5,13
09/03/2019,129,78,26,11,3,7
10/03/2019,93,68,26,12,4,7
11/03/2019,81,85,34,14,7,7
12/03/2019,120,91,25,18,9,10
13/03/2019,125,70,27,17,2,4
14/03/2019,107,85,23,19,6,14
15/03/2019,125,84,24,18,3,14
16/03/2019,118,83,37,15,2,7
17/03/2019,122,74,42,13,5,7
18/03/2019,108,71,37,13,3,8
19/03/2019,99,72,32,13,2,7
20/03/2019,99,77,41,13,4,9
21/03/2019,105,78,40,14,6,10
22/03/2019,100,85,35,15,5,10
23/03/2019,107,79,34,14,3,7
24/03/2019,107,74,28,13,6,5
25/03/2019,110,97,32,19,8,18
26/03/2019,137,94,33,14,6,14
27/03/2019,118,85,30,16,5,10
28/03/2019,125,90,43,16,3,15
29/03/2019,130,94,32,17,3,13
30/03/2019,126,85,37,14,2,9
31/03/2019,121,77,44,12,2,13
30/11/2018,118,68,21,22, ,14
01/12/2018,132,50,22,14, ,4
02/12/2018,101,76,17,20, ,17
03/12/2018,105,60,11,23, ,14
04/12/2018,108,31,5,27, ,6
05/12/2018,75,82,11,63,1,26
06/12/2018,160,72,14,43,1,16
07/12/2018,131,69,22,30,1,6
08/12/2018,151,70,34, , ,4
09/12/2018,162,99,40, ,1,14
10/12/2018,169,102,51,48,1,10
11/12/2018,177, , , , , 
15/12/2018,135,92,28,31,1,14
16/12/2018,165,105,40,36,1,12
17/12/2018,173,168,38,46,1,23
18/12/2018,177,154,46,34,1,16
19/12/2018,155,129,32,27,1,13
20/12/2018,138,142,31,36,1,15
21/12/2018,148,105,20,24,1,12
22/12/2018,131,113,17,14,1,8
23/12/2018,118,111,17,23,1,16
24/12/2018,137,100,26,23,1,11
25/12/2018,154,101,24,15,1,13
26/12/2018,139,97,41,9,1,10
27/12/2018,156,104,30,11,1,12
28/12/2018,157,97,17,10,1,10
29/12/2018,164,99,27,10,1,10
30/12/2018,157, , , , , 
10/07/2024, ,49,7,3,7,6
02/04/2024, ,65,11,2,7,2
07/04/2024, ,85,9, ,12, 
12/04/2024, ,61,11,1,6, 
26/04/2024, ,88,15, ,14, 
03/06/2024, ,29,9,4,20,3
26/01/2024, ,69,7,4,8,2
15/03/2024, ,91,7,3,8,5
18/11/2023, ,62,14,4,8,3
21/11/2023, ,62,15,6,5,10
01/12/2023, ,78,14,2,4,15
06/12/2023, ,61,6,1, ,3
13/12/2023, ,80,10,1,5,3
30/07/2023, ,40,10, ,4,8
25/09/2023, ,24,14,1,4, 
02/04/2023, ,82,8,3,1,4
22/05/2023, ,67,11,4,1,3
22/06/2023, ,9,8,2,1, 
19/02/2023, ,75,16,9,1,3
28/03/2023, ,62,8,3,1,2
23/10/2022, ,64,11,10,3,2
15/08/2022, ,57,21,10,2,10
19/08/2022, ,46,15,14,2,3
29/08/2022, ,60,16,13,2,9
10/09/2022, ,28,7, , , 
21/04/2022, ,68,14,8,3,13
30/05/2022, ,35,13,8,3,10
15/03/2022, ,85,22,15,2,8
30/06/2021, ,67,20,8,4,5
25/04/2021, ,75,20,14,4,4
02/08/2020, ,33,10,5,1,4
14/09/2020, ,44,13,2,1,5
12/04/2020, ,51,27,12, ,3
09/05/2020, ,50,27,12, ,6
28/05/2020, ,19,8,16,1,8
31/12/2019, ,54,17,16,1,12
25/08/2019, ,45,17,14,1,7
08/04/2019, ,88,35,16,4,9
16/05/2019, ,61,25,14,1,10
31/12/2018, ,97,22,13,1,12
14/02/2019, ,84,20,17,1,17
29/11/2018, ,69,19,21, ,16
14/12/2018, ,76,16,31,1,18
21/06/2023, , ,8,26,2,4
18/02/2023, , ,15,9,1,2
